{
    "resources": [
        {
            "name": "index.html"
        },
        {
            "name": "model/models.js"
        },
        {
            "name": "manifest.json"
        },
        {
            "name": "model/Formatter.js"
        },
        {
            "name": "controller/VerEmpleados.controller.js"
        },
        {
            "name": "controller/MenuPrincipal.controller.js"
        },
        {
            "name": "controller/MaestroEmpleados.controller.js"
        },
        {
            "name": "controller/DetallesEmpleado.controller.js"
        },
        {
            "name": "controller/CrearEmpleado.controller.js"
        },
        {
            "name": "controller/App.controller.js"
        },
        {
            "name": "Component.js"
        },
        {
            "name": "manifest-bundle.zip"
        },
        {
            "name": "Component-preload.js",
            "merged": true
        },
        {
            "name": "controller/MaestroEmpleados-dbg.controller.js",
            "isDebug": true
        },
        {
            "name": "model/Formatter-dbg.js",
            "isDebug": true
        },
        {
            "name": "controller/VerEmpleados-dbg.controller.js",
            "isDebug": true
        },
        {
            "name": "controller/MenuPrincipal-dbg.controller.js",
            "isDebug": true
        },
        {
            "name": "model/models-dbg.js",
            "isDebug": true
        },
        {
            "name": "controller/DetallesEmpleado-dbg.controller.js",
            "isDebug": true
        },
        {
            "name": "controller/CrearEmpleado-dbg.controller.js",
            "isDebug": true
        },
        {
            "name": "controller/App-dbg.controller.js",
            "isDebug": true
        },
        {
            "name": "Component-dbg.js",
            "isDebug": true
        },
        {
            "name": "../../sap-ui-version.json"
        },
        {
            "name": "view/VerEmpleados.view.xml"
        },
        {
            "name": "view/MenuPrincipal.view.xml"
        },
        {
            "name": "view/MaestroEmpleados.view.xml"
        },
        {
            "name": "view/DetallesEmpleado.view.xml"
        },
        {
            "name": "view/CrearEmpleado.view.xml"
        },
        {
            "name": "view/App.view.xml"
        },
        {
            "name": "fragment/Interno.fragment.xml"
        },
        {
            "name": "fragment/Gerente.fragment.xml"
        },
        {
            "name": "fragment/DialogoAscenso.fragment.xml"
        },
        {
            "name": "fragment/Autonomo.fragment.xml"
        },
        {
            "name": "css/style.css"
        },
        {
            "name": "i18n/i18n.properties",
            "raw": "i18n/i18n.properties"
        }
    ]
}