{
  "model/Formatter-dbg.js": 1628865077649,
  "model/models.js": 1627155552287,
  "manifest.json": 1629840630988,
  "model/Formatter.js": 1628865077649,
  "controller/VerEmpleados.controller.js": 1628467749415,
  "controller/MenuPrincipal.controller.js": 1628798907032,
  "controller/MaestroEmpleados.controller.js": 1629839585214,
  "controller/DetallesEmpleado.controller.js": 1629325869729,
  "controller/CrearEmpleado.controller.js": 1629326504613,
  "controller/App.controller.js": 1627164613763,
  "Component.js": 1627866919202,
  "manifest-bundle.zip": 1629840630154,
  "Component-preload.js": 1629840630884,
  "controller/MaestroEmpleados-dbg.controller.js": 1629839585214,
  "i18n/i18n.properties": 1628808930279,
  "controller/VerEmpleados-dbg.controller.js": 1628467749415,
  "controller/MenuPrincipal-dbg.controller.js": 1628798907032,
  "model/models-dbg.js": 1627155552287,
  "controller/DetallesEmpleado-dbg.controller.js": 1629325869729,
  "controller/CrearEmpleado-dbg.controller.js": 1629326504613,
  "controller/App-dbg.controller.js": 1627164613763,
  "Component-dbg.js": 1627866919202,
  "resources.json": 1629840630993,
  "view/VerEmpleados.view.xml": 1628458335596,
  "view/MenuPrincipal.view.xml": 1628456810661,
  "view/MaestroEmpleados.view.xml": 1629839539466,
  "view/DetallesEmpleado.view.xml": 1628894328025,
  "view/CrearEmpleado.view.xml": 1628631981049,
  "view/App.view.xml": 1627164456433,
  "fragment/Interno.fragment.xml": 1628040500776,
  "fragment/Gerente.fragment.xml": 1628040564070,
  "fragment/DialogoAscenso.fragment.xml": 1628807971395,
  "fragment/Autonomo.fragment.xml": 1628040589143,
  "css/style.css": 1628470213361,
  "index.html": 1627155552283
}