{
  "fragment/NewIncidence.fragment.xml": 1626457229475,
  "i18n/test_i18n_es.properties": 1625511898377,
  "controller/OrderDetails.controller.js": 1630081954342,
  "model/json/Employees.json": 1626995501657,
  "model/json/Countries.json": 1626995498751,
  "manifest.json": 1630082033461,
  "model/models.js": 1623691662217,
  "model/formatter.js": 1625512534827,
  "model/json/Layouts.json": 1626995504816,
  "controller/MasterEmployee.controller.js": 1626814059412,
  "controller/Main.controller.js": 1626995657884,
  "controller/EmployeeDetails.controller.js": 1626814011179,
  "controller/Base.controller.js": 1626812254480,
  "controller/App.controller.js": 1626791365360,
  "control/Signature.js": 1626894216848,
  "Component.js": 1626039202920,
  "manifest-bundle.zip": 1630082032874,
  "Component-preload.js": 1630082033355,
  "model/models-dbg.js": 1623691662217,
  "model/formatter-dbg.js": 1625512534827,
  "controller/OrderDetails-dbg.controller.js": 1630081954342,
  "controller/MasterEmployee-dbg.controller.js": 1626814059412,
  "controller/Main-dbg.controller.js": 1626995657884,
  "controller/EmployeeDetails-dbg.controller.js": 1626814011179,
  "controller/Base-dbg.controller.js": 1626812254480,
  "controller/App-dbg.controller.js": 1626791365360,
  "control/Signature-dbg.js": 1626894216848,
  "Component-dbg.js": 1626039202920,
  "resources.json": 1630082033465,
  "view/OrderDetails.view.xml": 1630079249130,
  "view/MasterEmployee.view.xml": 1625073368455,
  "view/Main.view.xml": 1626792027469,
  "view/EmployeeDetails.view.xml": 1626468429584,
  "view/App.view.xml": 1626792187723,
  "fragment/TableOrders.fragment.xml": 1626793907085,
  "fragment/TableEmployee.fragment.xml": 1626014348776,
  "i18n/i18n.properties": 1626895541118,
  "fragment/DialogOrders.fragment.xml": 1626468177000,
  "css/style.css": 1625235765676,
  "index.html": 1626806333912
}